email,label
Upgrade to our premium plan for exclusive access to premium content and features.,ham
Happy holidays from our team! Wishing you joy and prosperity this season.,ham
We're hiring! Check out our career opportunities and join our dynamic team.,ham
Your Amazon account has been locked. Click here to verify your account information.,spam
Your opinion matters! Take our survey and help us enhance your experience.,ham
Your payment has been received. Thank you for your prompt transaction.,ham
Your email account storage is full. Click here to upgrade your account.,spam
"Dear [Name], thank you for subscribing to our newsletter. Here's your welcome gift!",ham
Your account has been credited with loyalty points. Redeem them for exciting rewards!,ham
You've been chosen for a free iPhone. Click here to claim your prize!,spam
Don't miss out on our special offer! Sign up now and get a discount on your first purchase.,ham
We're hiring interns for the summer. Apply now and gain valuable experience.,ham
You're pre-approved for a loan. Click here to apply now!,spam
We're thrilled to introduce our new collection. Shop now and enjoy exclusive discounts!,ham
We're excited to announce our upcoming webinar series. Register now to reserve your spot!,ham
We've added new features to our app based on your feedback. Update now!,ham
You're a winner! Click here to claim your exclusive prize.,spam
Your Facebook account has been hacked. Click here to secure your account.,spam
Congratulations on reaching a new milestone! Here's to many more achievements.,ham
Congratulations! You've been selected for a job interview. Click here to schedule your interview.,spam
Your account has been suspended due to suspicious activity. Click here to unlock your account.,spam
Get ready for our flash sale! Limited-time offers on your favorite products.,ham
Thank you for your feedback. We're always striving to improve our services.,ham
Your PayPal account has been suspended. Click here to restore your account access.,spam
You've won a luxury car! Click here to claim your prize.,spam
We've extended our sale for one more day! Don't miss your chance to save big.,ham
Your account has been flagged for suspicious activity. Click here to verify your identity.,spam
We're sorry for the inconvenience. Our website will be back online shortly.,ham
Thank you for your recent purchase. Here's a special offer for you.,ham
Get instant cash now! Click here to access our quick loan service.,spam
We're here to help you with any questions or concerns you may have.,ham
Your account has been banned. Click here to appeal the ban.,spam
Congratulations! You've won a free vacation to a tropical paradise! Claim now!,spam
Your account has been pre-approved for a credit card. Click here to apply now!,spam
We're sorry to see you go. Let us know if there's anything we can do to improve.,ham
You've been selected for a free trial of our premium membership. Click here to sign up!,spam
You've been selected for a free trial of our premium service. Click here to activate now!,spam
We're committed to sustainability. Learn more about our eco-friendly initiatives.,ham
We're hiring! Check out our careers page for current job openings.,ham
We're sorry for the inconvenience. Our website will be undergoing maintenance tonight.,ham
Your account has been credited with bonus points. Use them to unlock exclusive rewards!,ham
We appreciate your business. Here's a token of our appreciation.,ham
We value your feedback. Share your thoughts with us.,ham
Thank you for your loyalty. Here's a special discount code as a token of our appreciation.,ham
Thank you for your purchase. Your order will be delivered within the next few days.,ham
Your account has been hacked. Click here to reset your password.,spam
Get ready for our annual sale! Big savings await you.,ham
You've been selected for a free iPhone X. Click here to claim your prize!,spam
Congratulations! You've won a free trip to Europe. Click here to claim your prize!,spam
This is to inform you about the schedule change for tomorrow's meeting. Please take note.,ham
You've been selected for a special prize. Click here to claim your reward!,spam
You've been selected for a free trial of our premium service. Click here to activate now!,spam
You've been selected for a free trial of our premium service. Click here to activate now!,spam
Upgrade to our premium membership for exclusive benefits and personalized recommendations.,ham
You've won a luxury car! Click here to claim your prize.,spam
We've updated our app with new features. Update now for an enhanced user experience.,ham
Your opinion matters! Take our survey and get a chance to win exciting prizes.,ham
Get instant cash now! Click here to access our quick loan service.,spam
We're excited to announce our latest product release. Check it out!,ham
Your computer has been infected with a virus. Click here to download our antivirus software.,spam
Your account has been pre-approved for a credit card. Click here to apply now!,spam
Your subscription renewal is due. Don't forget to update your payment information.,ham
Get rich quick! Click here to join our exclusive investment program.,spam
Don't miss out on our limited-time offer. Shop now and save.,ham
We value your privacy. Review our updated privacy policy for more information.,ham
You've been selected for a free iPhone X. Click here to claim your prize!,spam
Your account has been compromised. Click here to secure your account.,spam
Congratulations! You're our lucky winner of the day. Click here to claim your prize!,spam
We're hosting a webinar next week. Register now to secure your spot!,ham
Your order has been successfully processed. It will be shipped out today.,ham
We're experiencing high call volumes. You can reach us faster by using our online chat.,ham
Your Netflix subscription has expired. Click here to renew now!,spam
Good morning! Attached is the report you requested. Have a great day!,ham
Thank you for attending our workshop. Here are the presentation slides for your reference.,ham
We're excited to share our latest product updates with you. Check them out now!,ham
Act fast! Limited-time offer on designer handbags. Click here to shop now!,spam
Claim your prize now! Click here to confirm your winnings.,spam
Just a friendly reminder to renew your subscription before it expires.,ham
Act now! Limited-time offer on luxury watches. Click here to buy now!,spam
Congratulations! You're the lucky winner of our holiday giveaway. Click here to claim your prize!,spam
Thank you for your inquiry. We appreciate your interest in our products.,ham
Get rich overnight! Click here to learn our secret money-making method.,spam
Your satisfaction is our priority. Let us know how we can serve you better.,ham
Thank you for your patience. Our technical team has resolved the issue. Happy browsing!,ham
"Dear [Name], your account subscription has expired. Renew now to continue enjoying our services.",ham
URGENT: Your account has been compromised. Click here to reset your password immediately.,spam
Your annual membership has been renewed. Enjoy another year of exclusive benefits.,ham
We're excited to share our latest blog post with you. Check it out for valuable insights.,ham
Your account has been banned. Click here to appeal the ban.,spam
You've won a luxury cruise! Click here to claim your tickets.,spam
We've detected unusual activity on your account. Secure it by changing your password.,ham
Your package is out for delivery. Track your shipment using the link provided.,ham
You've won a shopping spree! Click here to claim your voucher.,spam
Your account has been upgraded to VIP status. Enjoy enhanced benefits and privileges.,ham
Thank you for subscribing to our newsletter. Here's a special offer just for you!,ham
Our team is here to help you. Contact us anytime for assistance.,ham
Stay connected with us! Follow our social media channels for the latest updates.,ham
Your account has been hacked. Click here to reset your password.,spam
Stay informed with our latest blog posts. Subscribe to our newsletter today.,ham
Your account has been credited with bonus points. Click here to redeem your rewards.,spam
Congratulations! You're the winner of our daily giveaway. Click here to claim your reward!,spam
Your PayPal account has been locked. Click here to restore your account access.,spam
Your trial period has ended. Upgrade to a premium plan for unlimited access.,ham
Stay connected with our latest updates. Follow us on social media.,ham
Congratulations! You've been selected for a free trial of our premium software. Click here to download now!,spam
Congratulations! You've been selected for a free trial of our premium software. Click here to download now!,spam
Your order is confirmed. You'll receive a confirmation email shortly with the details.,ham
We're committed to providing excellent service. Your feedback helps us improve.,ham
"Dear [Name], your account has been upgraded to premium status. Enjoy the perks!",ham
Your feedback matters to us. Take our survey and help us serve you better.,ham
Congratulations! You're the winner of our daily giveaway. Click here to claim your reward!,spam
Claim your prize now! Click here to confirm your winnings.,spam
Stay in the loop with our newsletter. Subscribe now for the latest news and updates.,ham
You've been selected for a free trial of our premium service. Click here to activate now!,spam
Get exclusive access to our VIP club. Click here to join now!,spam
You're our lucky winner! Click here to claim your jackpot prize.,spam
Your bank account has been suspended. Click here to verify your account details.,spam
We're here to help! Contact our customer support team for assistance.,ham
We're excited to announce our new product launch. Check it out on our website!,ham
Unlock exclusive discounts! Click here to join our loyalty program.,spam
"Dear valued customer, here's a special discount code for your next purchase: XYZ123.",ham
Get rich overnight! Click here to learn our secret money-making method.,spam
We're excited to announce our partnership with [Company]. Stay tuned for exciting collaborations!,ham
We've reached a milestone! Thank you for being part of our journey.,ham
"We're pleased to announce our partnership with [Company]. Together, we'll achieve great things!",ham
We're hosting a giveaway on our social media channels. Follow us for a chance to win!,ham
We've launched a new feature based on user feedback. Try it out and let us know what you think!,ham
We've upgraded our servers for faster performance. Enjoy smoother browsing!,ham
Congratulations on your recent achievement! Keep up the great work!,ham
Claim your inheritance now! Click here to access your funds.,spam
We're committed to your satisfaction. Let us know how we can improve.,ham
We're excited to share our latest updates with you. Stay tuned for more news!,ham
Congratulations! You're the lucky winner of our holiday giveaway. Click here to claim your prize!,spam
You're invited to a special event. Click here to RSVP now!,spam
Thank you for your loyalty. Here's a special discount for being a valued customer.,ham
We hope you're enjoying your subscription. Let us know if you have any questions.,ham
"Dear [Name], your account balance is now updated. Please review the details.",ham
We're celebrating our anniversary! Join us for special offers and giveaways all week long.,ham
Your email account storage is full. Click here to upgrade your account.,spam
You're invited to a special event. Click here to RSVP now!,spam
We're here to assist you. Contact our support team if you need any help.,ham
Don't miss our end-of-season sale! Grab your favorite items at discounted prices.,ham
Your account has been credited with bonus points. Click here to redeem your rewards.,spam
Your Facebook account has been hacked. Click here to secure your account.,spam
Your account has been flagged for suspicious activity. Click here to verify your identity.,spam
You've won a shopping spree! Click here to claim your voucher.,spam
We're extending our sale for one more day due to popular demand. Don't miss out!,ham
We're hosting a live Q&A session tomorrow. Submit your questions in advance!,ham
You've won a lottery! Click here to claim your million-dollar prize!,spam
Congratulations on your recent purchase! Here's a voucher for your next order.,ham
Get rich quick! Click here to join our exclusive investment program.,spam
Your account has been credited with bonus points for your recent purchase. Enjoy!,ham
Get ready for our annual sale! Huge discounts on a wide range of products.,ham
We're sorry for the inconvenience. Our technical team is working on resolving the issue.,ham
"Your account login was successful. If this wasn't you, please contact us immediately.",ham
"We're thrilled to announce our partnership with [Organization]. Together, we'll make a difference!",ham
Your account has been suspended due to suspicious activity. Click here to unlock your account.,spam
Your Netflix subscription has expired. Click here to renew now!,spam
We're experiencing technical difficulties. Our team is working to resolve the issue ASAP.,ham
Act fast! Limited-time offer on designer handbags. Click here to shop now!,spam
You've won a luxury cruise! Click here to claim your tickets.,spam
Hello! Just wanted to remind you about our upcoming event. Don't miss it!,ham
Your account password has been reset successfully. Please login with the new password.,ham
You've won a shopping spree! Click here to claim your voucher.,spam
Unlock exclusive discounts! Click here to join our loyalty program.,spam
Act fast! Limited-time offer on luxury watches. Click here to buy now!,spam
Make money fast! Join our affiliate program and start earning cash today!,spam
Congratulations! You've been selected for a special offer. Enjoy!,ham
Your credit card has been charged for unauthorized purchases. Click here to dispute the charges.,spam
Congratulations on your recent purchase! Here's a special offer for your next order.,ham
Your account has been credited with bonus points for your continued support. Thank you!,ham
You've been chosen for a free iPhone. Click here to claim your prize!,spam
Congratulations! You've won a free trip to Europe. Click here to claim your prize!,spam
Introducing our loyalty program. Earn points with every purchase and redeem rewards!,ham
We're pleased to inform you that your refund has been processed successfully.,ham
Get rich quick! Invest in our revolutionary new scheme and retire early!,spam
Your free trial period is ending soon. Upgrade now to continue enjoying our services.,ham
Your order is on its way! Track your shipment for real-time updates.,ham
Limited-time offer! Get 50% off on all purchases today only. Don't miss out!,spam
